0,1,rHmpkx0EodRC6BV0HCzvnPJj7Zw=,SwoZQY3KzxMfiPfNMfB7lMEzGLQ=
3,2,rHmpkx0EodRC6BV0HCzvnPJj7Zw=,ak019yXhPDFhMU0PbSlkBe12dgQ=
2,1,0AURwmJR5IWkF+bBgDSnFkTn0xM=,leBQpd/zhlzNlJGwcWQ5hTtHIYk=
2,3,rHmpkx0EodRC6BV0HCzvnPJj7Zw=,ak019yXhPDFhMU0PbSlkBe12dgQ=
0,2,rHmpkx0EodRC6BV0HCzvnPJj7Zw=,ozJgvmw5WibGLy5vU2x1acLs9L8=
3,0,rHmpkx0EodRC6BV0HCzvnPJj7Zw=,leBQpd/zhlzNlJGwcWQ5hTtHIYk=
1,1,0AURwmJR5IWkF+bBgDSnFkTn0xM=,SwoZQY3KzxMfiPfNMfB7lMEzGLQ=
2,2,0AURwmJR5IWkF+bBgDSnFkTn0xM=,ak019yXhPDFhMU0PbSlkBe12dgQ=
1,0,rHmpkx0EodRC6BV0HCzvnPJj7Zw=,SwoZQY3KzxMfiPfNMfB7lMEzGLQ=
2,0,rHmpkx0EodRC6BV0HCzvnPJj7Zw=,leBQpd/zhlzNlJGwcWQ5hTtHIYk=
0,0,rHmpkx0EodRC6BV0HCzvnPJj7Zw=,SwoZQY3KzxMfiPfNMfB7lMEzGLQ=
1,2,0AURwmJR5IWkF+bBgDSnFkTn0xM=,ozJgvmw5WibGLy5vU2x1acLs9L8=
0,3,rHmpkx0EodRC6BV0HCzvnPJj7Zw=,ozJgvmw5WibGLy5vU2x1acLs9L8=
3,3,rHmpkx0EodRC6BV0HCzvnPJj7Zw=,ak019yXhPDFhMU0PbSlkBe12dgQ=
3,1,rHmpkx0EodRC6BV0HCzvnPJj7Zw=,leBQpd/zhlzNlJGwcWQ5hTtHIYk=
1,3,rHmpkx0EodRC6BV0HCzvnPJj7Zw=,ozJgvmw5WibGLy5vU2x1acLs9L8=
2,4,rHmpkx0EodRC6BV0HCzvnPJj7Zw=,sQTpALr0XWwkxoJSWEkRw2h0/1I=
1,4,rHmpkx0EodRC6BV0HCzvnPJj7Zw=,2wlFgfKA1iQR4wXmqCnU2GA/qo0=
2,5,rHmpkx0EodRC6BV0HCzvnPJj7Zw=,sQTpALr0XWwkxoJSWEkRw2h0/1I=
1,6,rHmpkx0EodRC6BV0HCzvnPJj7Zw=,nhH4IGsbwQS08Kpp6dgeTBeDiFA=
2,6,rHmpkx0EodRC6BV0HCzvnPJj7Zw=,jKVivFeWlF5fuumgGqpGs7yrJpg=
1,5,rHmpkx0EodRC6BV0HCzvnPJj7Zw=,2wlFgfKA1iQR4wXmqCnU2GA/qo0=
1,10,U8y/HjodYJsKyLICJxmeYEjLZns=,82pwuW9bCIDwC+y1VGeIMg/1on8=
1,9,U8y/HjodYJsKyLICJxmeYEjLZns=,JYQ8iNp1HNEW0+g8M0uxr9BBKNY=
2,10,U8y/HjodYJsKyLICJxmeYEjLZns=,pG9hfy9x0dWkQHBNH1Q+GCR7bpY=
1,7,rHmpkx0EodRC6BV0HCzvnPJj7Zw=,nhH4IGsbwQS08Kpp6dgeTBeDiFA=
2,7,rHmpkx0EodRC6BV0HCzvnPJj7Zw=,jKVivFeWlF5fuumgGqpGs7yrJpg=
1,8,U8y/HjodYJsKyLICJxmeYEjLZns=,JYQ8iNp1HNEW0+g8M0uxr9BBKNY=
2,8,U8y/HjodYJsKyLICJxmeYEjLZns=,hH7hKeez0iUROSFmWNUWw3QlJ7w=
2,9,U8y/HjodYJsKyLICJxmeYEjLZns=,hH7hKeez0iUROSFmWNUWw3QlJ7w=
4,7,rHmpkx0EodRC6BV0HCzvnPJj7Zw=,IEhFsiMIwAo4ZONJK55LVN5sSz4=
3,7,rHmpkx0EodRC6BV0HCzvnPJj7Zw=,jKVivFeWlF5fuumgGqpGs7yrJpg=
4,8,U8y/HjodYJsKyLICJxmeYEjLZns=,Hkvm1lOzp/oSfu7No+GZpG8Knnc=
3,8,U8y/HjodYJsKyLICJxmeYEjLZns=,hH7hKeez0iUROSFmWNUWw3QlJ7w=
4,9,U8y/HjodYJsKyLICJxmeYEjLZns=,Hkvm1lOzp/oSfu7No+GZpG8Knnc=
4,10,U8y/HjodYJsKyLICJxmeYEjLZns=,gkgn7YDyOqoGDhYvVY3etr7Dj00=
3,9,U8y/HjodYJsKyLICJxmeYEjLZns=,hH7hKeez0iUROSFmWNUWw3QlJ7w=
3,10,U8y/HjodYJsKyLICJxmeYEjLZns=,pG9hfy9x0dWkQHBNH1Q+GCR7bpY=
3,5,rHmpkx0EodRC6BV0HCzvnPJj7Zw=,sQTpALr0XWwkxoJSWEkRw2h0/1I=
4,6,rHmpkx0EodRC6BV0HCzvnPJj7Zw=,IEhFsiMIwAo4ZONJK55LVN5sSz4=
3,6,rHmpkx0EodRC6BV0HCzvnPJj7Zw=,jKVivFeWlF5fuumgGqpGs7yrJpg=
4,5,rHmpkx0EodRC6BV0HCzvnPJj7Zw=,JUu+tnTvoXgtpdPrFpU8aF7gcrw=
3,4,rHmpkx0EodRC6BV0HCzvnPJj7Zw=,sQTpALr0XWwkxoJSWEkRw2h0/1I=
4,2,rHmpkx0EodRC6BV0HCzvnPJj7Zw=,JrzNwrYU53HyK29xXLmAekLzgPc=
4,1,rHmpkx0EodRC6BV0HCzvnPJj7Zw=,ZXz8TNabgc6zttOX/dCyUupbI4E=
4,3,rHmpkx0EodRC6BV0HCzvnPJj7Zw=,JrzNwrYU53HyK29xXLmAekLzgPc=
4,4,rHmpkx0EodRC6BV0HCzvnPJj7Zw=,JUu+tnTvoXgtpdPrFpU8aF7gcrw=
6,3,U8y/HjodYJsKyLICJxmeYEjLZns=,LW3n9BKiQFTuL+BoF+WaNIE+XcQ=
5,4,rHmpkx0EodRC6BV0HCzvnPJj7Zw=,JUu+tnTvoXgtpdPrFpU8aF7gcrw=
6,4,U8y/HjodYJsKyLICJxmeYEjLZns=,ciPw0LjNo4Vc/oxZ/mWvNy00HQI=
5,3,rHmpkx0EodRC6BV0HCzvnPJj7Zw=,JrzNwrYU53HyK29xXLmAekLzgPc=
5,6,rHmpkx0EodRC6BV0HCzvnPJj7Zw=,IEhFsiMIwAo4ZONJK55LVN5sSz4=
6,5,U8y/HjodYJsKyLICJxmeYEjLZns=,ciPw0LjNo4Vc/oxZ/mWvNy00HQI=
5,5,rHmpkx0EodRC6BV0HCzvnPJj7Zw=,JUu+tnTvoXgtpdPrFpU8aF7gcrw=
6,6,U8y/HjodYJsKyLICJxmeYEjLZns=,OUXvz6nzl5KIgMuFH2iKxYZOj68=
5,7,rHmpkx0EodRC6BV0HCzvnPJj7Zw=,IEhFsiMIwAo4ZONJK55LVN5sSz4=
5,10,hMjejSkNhIHn88j0tPX1Hkf9BP8=,gkgn7YDyOqoGDhYvVY3etr7Dj00=
6,8,hMjejSkNhIHn88j0tPX1Hkf9BP8=,X2XdM33U56F5DeUC9tSOSxM/m5g=
6,9,hMjejSkNhIHn88j0tPX1Hkf9BP8=,X2XdM33U56F5DeUC9tSOSxM/m5g=
5,8,hMjejSkNhIHn88j0tPX1Hkf9BP8=,Hkvm1lOzp/oSfu7No+GZpG8Knnc=
6,10,hMjejSkNhIHn88j0tPX1Hkf9BP8=,ItfaFN8D9/MNaqH/El2MeN30EYw=
6,7,hMjejSkNhIHn88j0tPX1Hkf9BP8=,OUXvz6nzl5KIgMuFH2iKxYZOj68=
5,9,hMjejSkNhIHn88j0tPX1Hkf9BP8=,Hkvm1lOzp/oSfu7No+GZpG8Knnc=
7,5,hMjejSkNhIHn88j0tPX1Hkf9BP8=,ciPw0LjNo4Vc/oxZ/mWvNy00HQI=
7,6,hMjejSkNhIHn88j0tPX1Hkf9BP8=,OUXvz6nzl5KIgMuFH2iKxYZOj68=
8,6,hMjejSkNhIHn88j0tPX1Hkf9BP8=,xYOsJPGDCz/BKR1HzQ0OyJFuc80=
8,5,hMjejSkNhIHn88j0tPX1Hkf9BP8=,K2mMAzd5Szqi6IqhIg85Z5fbAww=
10,7,hMjejSkNhIHn88j0tPX1Hkf9BP8=,zGhix9lT9WqUzQVtNBfr8Oty3to=
8,10,hMjejSkNhIHn88j0tPX1Hkf9BP8=,taBeJykZIPwmwgO3EQFX/OmSaX4=
10,8,hMjejSkNhIHn88j0tPX1Hkf9BP8=,nT9ZF1HHncGd6Pj2130d03Ch5Yg=
8,8,hMjejSkNhIHn88j0tPX1Hkf9BP8=,NF+/6ZmzhxQjqgez0nyn0QmNgZg=
8,7,hMjejSkNhIHn88j0tPX1Hkf9BP8=,xYOsJPGDCz/BKR1HzQ0OyJFuc80=
7,10,hMjejSkNhIHn88j0tPX1Hkf9BP8=,ItfaFN8D9/MNaqH/El2MeN30EYw=
7,9,hMjejSkNhIHn88j0tPX1Hkf9BP8=,X2XdM33U56F5DeUC9tSOSxM/m5g=
7,7,hMjejSkNhIHn88j0tPX1Hkf9BP8=,OUXvz6nzl5KIgMuFH2iKxYZOj68=
9,7,hMjejSkNhIHn88j0tPX1Hkf9BP8=,xYOsJPGDCz/BKR1HzQ0OyJFuc80=
9,8,hMjejSkNhIHn88j0tPX1Hkf9BP8=,NF+/6ZmzhxQjqgez0nyn0QmNgZg=
7,8,hMjejSkNhIHn88j0tPX1Hkf9BP8=,X2XdM33U56F5DeUC9tSOSxM/m5g=
8,9,hMjejSkNhIHn88j0tPX1Hkf9BP8=,NF+/6ZmzhxQjqgez0nyn0QmNgZg=
12,9,hMjejSkNhIHn88j0tPX1Hkf9BP8=,SDkM+3KFUxeTGiekDsWbpPy0KMU=
12,10,hMjejSkNhIHn88j0tPX1Hkf9BP8=,YQkCbKlOMXEQYop+Y7+OHNAtpIo=
11,9,hMjejSkNhIHn88j0tPX1Hkf9BP8=,nT9ZF1HHncGd6Pj2130d03Ch5Yg=
11,10,hMjejSkNhIHn88j0tPX1Hkf9BP8=,yuE8vjldn6gnwxlmRk7sTQSliiU=
10,10,hMjejSkNhIHn88j0tPX1Hkf9BP8=,yuE8vjldn6gnwxlmRk7sTQSliiU=
10,9,hMjejSkNhIHn88j0tPX1Hkf9BP8=,nT9ZF1HHncGd6Pj2130d03Ch5Yg=
9,10,hMjejSkNhIHn88j0tPX1Hkf9BP8=,taBeJykZIPwmwgO3EQFX/OmSaX4=
9,9,hMjejSkNhIHn88j0tPX1Hkf9BP8=,NF+/6ZmzhxQjqgez0nyn0QmNgZg=
11,12,hMjejSkNhIHn88j0tPX1Hkf9BP8=,ieZZ/BI/a86t6lj0GAioZwTbpiA=
11,11,hMjejSkNhIHn88j0tPX1Hkf9BP8=,yuE8vjldn6gnwxlmRk7sTQSliiU=
12,12,hMjejSkNhIHn88j0tPX1Hkf9BP8=,9MsqtoAiCXM/9oyezOyiM+QLEvc=
12,11,hMjejSkNhIHn88j0tPX1Hkf9BP8=,YQkCbKlOMXEQYop+Y7+OHNAtpIo=
12,14,hMjejSkNhIHn88j0tPX1Hkf9BP8=,oQE3nzl4K2rp8uOpmUxIG8cY7uI=
11,14,hMjejSkNhIHn88j0tPX1Hkf9BP8=,gjilT5uQN6GZhsy36fN42Xwugrk=
11,13,hMjejSkNhIHn88j0tPX1Hkf9BP8=,ieZZ/BI/a86t6lj0GAioZwTbpiA=
12,13,hMjejSkNhIHn88j0tPX1Hkf9BP8=,9MsqtoAiCXM/9oyezOyiM+QLEvc=
12,8,hMjejSkNhIHn88j0tPX1Hkf9BP8=,SDkM+3KFUxeTGiekDsWbpPy0KMU=
11,7,hMjejSkNhIHn88j0tPX1Hkf9BP8=,zGhix9lT9WqUzQVtNBfr8Oty3to=
12,7,hMjejSkNhIHn88j0tPX1Hkf9BP8=,27dFip3nJKKYveQjWOhL78pYkQc=
11,8,hMjejSkNhIHn88j0tPX1Hkf9BP8=,nT9ZF1HHncGd6Pj2130d03Ch5Yg=
15,11,hMjejSkNhIHn88j0tPX1Hkf9BP8=,NcmXshwBRhiUN4Xr/shWOhcNLjM=
13,11,hMjejSkNhIHn88j0tPX1Hkf9BP8=,YQkCbKlOMXEQYop+Y7+OHNAtpIo=
13,12,hMjejSkNhIHn88j0tPX1Hkf9BP8=,9MsqtoAiCXM/9oyezOyiM+QLEvc=
14,12,hMjejSkNhIHn88j0tPX1Hkf9BP8=,LYIZ5xjgLsxFsfKLHJOt0MuIqVc=
15,12,hMjejSkNhIHn88j0tPX1Hkf9BP8=,LYIZ5xjgLsxFsfKLHJOt0MuIqVc=
13,8,hMjejSkNhIHn88j0tPX1Hkf9BP8=,SDkM+3KFUxeTGiekDsWbpPy0KMU=
13,7,hMjejSkNhIHn88j0tPX1Hkf9BP8=,27dFip3nJKKYveQjWOhL78pYkQc=
14,8,hMjejSkNhIHn88j0tPX1Hkf9BP8=,KATsDxKCk2NNui5XhbVzZcsT0qg=
14,11,hMjejSkNhIHn88j0tPX1Hkf9BP8=,NcmXshwBRhiUN4Xr/shWOhcNLjM=
14,9,hMjejSkNhIHn88j0tPX1Hkf9BP8=,KATsDxKCk2NNui5XhbVzZcsT0qg=
13,9,hMjejSkNhIHn88j0tPX1Hkf9BP8=,SDkM+3KFUxeTGiekDsWbpPy0KMU=
14,10,hMjejSkNhIHn88j0tPX1Hkf9BP8=,NcmXshwBRhiUN4Xr/shWOhcNLjM=
13,10,hMjejSkNhIHn88j0tPX1Hkf9BP8=,YQkCbKlOMXEQYop+Y7+OHNAtpIo=
11,15,hMjejSkNhIHn88j0tPX1Hkf9BP8=,gjilT5uQN6GZhsy36fN42Xwugrk=
10,15,hMjejSkNhIHn88j0tPX1Hkf9BP8=,gjilT5uQN6GZhsy36fN42Xwugrk=
12,15,hMjejSkNhIHn88j0tPX1Hkf9BP8=,oQE3nzl4K2rp8uOpmUxIG8cY7uI=
15,13,hMjejSkNhIHn88j0tPX1Hkf9BP8=,LYIZ5xjgLsxFsfKLHJOt0MuIqVc=
15,14,hMjejSkNhIHn88j0tPX1Hkf9BP8=,0MFrkR/pXaR2IM5isvjOatJE8dI=
14,13,hMjejSkNhIHn88j0tPX1Hkf9BP8=,LYIZ5xjgLsxFsfKLHJOt0MuIqVc=
14,14,hMjejSkNhIHn88j0tPX1Hkf9BP8=,0MFrkR/pXaR2IM5isvjOatJE8dI=
13,14,hMjejSkNhIHn88j0tPX1Hkf9BP8=,oQE3nzl4K2rp8uOpmUxIG8cY7uI=
13,13,hMjejSkNhIHn88j0tPX1Hkf9BP8=,9MsqtoAiCXM/9oyezOyiM+QLEvc=
13,15,hMjejSkNhIHn88j0tPX1Hkf9BP8=,oQE3nzl4K2rp8uOpmUxIG8cY7uI=
14,15,hMjejSkNhIHn88j0tPX1Hkf9BP8=,0MFrkR/pXaR2IM5isvjOatJE8dI=
3,14,4jK1cWaCiPaqXaVrrcch+4knyjM=,bwUmnXk2nyIU37TMzwRt68YB24o=
4,15,4jK1cWaCiPaqXaVrrcch+4knyjM=,njzJ/oIkzXODy8M7taULA36Qt4o=
3,15,4jK1cWaCiPaqXaVrrcch+4knyjM=,bwUmnXk2nyIU37TMzwRt68YB24o=
3,13,4jK1cWaCiPaqXaVrrcch+4knyjM=,kn3y6yM+8KEAJcyfcG8QWemUk1I=
4,14,4jK1cWaCiPaqXaVrrcch+4knyjM=,njzJ/oIkzXODy8M7taULA36Qt4o=
3,12,4jK1cWaCiPaqXaVrrcch+4knyjM=,kn3y6yM+8KEAJcyfcG8QWemUk1I=
4,11,4jK1cWaCiPaqXaVrrcch+4knyjM=,gkgn7YDyOqoGDhYvVY3etr7Dj00=
3,11,4jK1cWaCiPaqXaVrrcch+4knyjM=,pG9hfy9x0dWkQHBNH1Q+GCR7bpY=
7,15,4jK1cWaCiPaqXaVrrcch+4knyjM=,e37U/fGlEQchNwAz+vOosX0pB0M=
5,15,4jK1cWaCiPaqXaVrrcch+4knyjM=,njzJ/oIkzXODy8M7taULA36Qt4o=
6,15,4jK1cWaCiPaqXaVrrcch+4knyjM=,e37U/fGlEQchNwAz+vOosX0pB0M=
0,4,rHmpkx0EodRC6BV0HCzvnPJj7Zw=,2wlFgfKA1iQR4wXmqCnU2GA/qo0=
0,6,rHmpkx0EodRC6BV0HCzvnPJj7Zw=,nhH4IGsbwQS08Kpp6dgeTBeDiFA=
0,5,rHmpkx0EodRC6BV0HCzvnPJj7Zw=,2wlFgfKA1iQR4wXmqCnU2GA/qo0=
2,15,4jK1cWaCiPaqXaVrrcch+4knyjM=,bwUmnXk2nyIU37TMzwRt68YB24o=
1,15,4jK1cWaCiPaqXaVrrcch+4knyjM=,8QzkMWc0lbgovYzY1r/UNhNTsq8=
0,10,4jK1cWaCiPaqXaVrrcch+4knyjM=,82pwuW9bCIDwC+y1VGeIMg/1on8=
0,15,4jK1cWaCiPaqXaVrrcch+4knyjM=,8QzkMWc0lbgovYzY1r/UNhNTsq8=
0,7,rHmpkx0EodRC6BV0HCzvnPJj7Zw=,nhH4IGsbwQS08Kpp6dgeTBeDiFA=
0,9,4jK1cWaCiPaqXaVrrcch+4knyjM=,JYQ8iNp1HNEW0+g8M0uxr9BBKNY=
0,11,4jK1cWaCiPaqXaVrrcch+4knyjM=,82pwuW9bCIDwC+y1VGeIMg/1on8=
2,13,4jK1cWaCiPaqXaVrrcch+4knyjM=,kn3y6yM+8KEAJcyfcG8QWemUk1I=
0,12,4jK1cWaCiPaqXaVrrcch+4knyjM=,fbYhyxUqRtXDa9tL+fq+rs5wW6g=
1,12,4jK1cWaCiPaqXaVrrcch+4knyjM=,fbYhyxUqRtXDa9tL+fq+rs5wW6g=
1,11,4jK1cWaCiPaqXaVrrcch+4knyjM=,82pwuW9bCIDwC+y1VGeIMg/1on8=
1,13,4jK1cWaCiPaqXaVrrcch+4knyjM=,fbYhyxUqRtXDa9tL+fq+rs5wW6g=
2,12,4jK1cWaCiPaqXaVrrcch+4knyjM=,kn3y6yM+8KEAJcyfcG8QWemUk1I=
2,14,4jK1cWaCiPaqXaVrrcch+4knyjM=,bwUmnXk2nyIU37TMzwRt68YB24o=
2,11,4jK1cWaCiPaqXaVrrcch+4knyjM=,pG9hfy9x0dWkQHBNH1Q+GCR7bpY=
1,14,4jK1cWaCiPaqXaVrrcch+4knyjM=,8QzkMWc0lbgovYzY1r/UNhNTsq8=
0,13,4jK1cWaCiPaqXaVrrcch+4knyjM=,fbYhyxUqRtXDa9tL+fq+rs5wW6g=
0,8,4jK1cWaCiPaqXaVrrcch+4knyjM=,JYQ8iNp1HNEW0+g8M0uxr9BBKNY=
0,14,4jK1cWaCiPaqXaVrrcch+4knyjM=,8QzkMWc0lbgovYzY1r/UNhNTsq8=
4,0,rHmpkx0EodRC6BV0HCzvnPJj7Zw=,ZXz8TNabgc6zttOX/dCyUupbI4E=
11,6,4jK1cWaCiPaqXaVrrcch+4knyjM=,zGhix9lT9WqUzQVtNBfr8Oty3to=
11,5,4jK1cWaCiPaqXaVrrcch+4knyjM=,JMCbyljsshIpsaj9B23sCs43UXE=
12,6,4jK1cWaCiPaqXaVrrcch+4knyjM=,27dFip3nJKKYveQjWOhL78pYkQc=
10,6,4jK1cWaCiPaqXaVrrcch+4knyjM=,zGhix9lT9WqUzQVtNBfr8Oty3to=
10,5,4jK1cWaCiPaqXaVrrcch+4knyjM=,JMCbyljsshIpsaj9B23sCs43UXE=
9,5,4jK1cWaCiPaqXaVrrcch+4knyjM=,K2mMAzd5Szqi6IqhIg85Z5fbAww=
9,6,4jK1cWaCiPaqXaVrrcch+4knyjM=,xYOsJPGDCz/BKR1HzQ0OyJFuc80=
5,14,4jK1cWaCiPaqXaVrrcch+4knyjM=,njzJ/oIkzXODy8M7taULA36Qt4o=
6,14,4jK1cWaCiPaqXaVrrcch+4knyjM=,e37U/fGlEQchNwAz+vOosX0pB0M=
6,11,4jK1cWaCiPaqXaVrrcch+4knyjM=,ItfaFN8D9/MNaqH/El2MeN30EYw=
5,11,4jK1cWaCiPaqXaVrrcch+4knyjM=,gkgn7YDyOqoGDhYvVY3etr7Dj00=
10,13,4jK1cWaCiPaqXaVrrcch+4knyjM=,ieZZ/BI/a86t6lj0GAioZwTbpiA=
10,14,4jK1cWaCiPaqXaVrrcch+4knyjM=,gjilT5uQN6GZhsy36fN42Xwugrk=
7,14,4jK1cWaCiPaqXaVrrcch+4knyjM=,e37U/fGlEQchNwAz+vOosX0pB0M=
8,11,4jK1cWaCiPaqXaVrrcch+4knyjM=,taBeJykZIPwmwgO3EQFX/OmSaX4=
10,12,4jK1cWaCiPaqXaVrrcch+4knyjM=,ieZZ/BI/a86t6lj0GAioZwTbpiA=
9,11,4jK1cWaCiPaqXaVrrcch+4knyjM=,taBeJykZIPwmwgO3EQFX/OmSaX4=
7,11,4jK1cWaCiPaqXaVrrcch+4knyjM=,ItfaFN8D9/MNaqH/El2MeN30EYw=
10,11,4jK1cWaCiPaqXaVrrcch+4knyjM=,yuE8vjldn6gnwxlmRk7sTQSliiU=
11,4,4jK1cWaCiPaqXaVrrcch+4knyjM=,JMCbyljsshIpsaj9B23sCs43UXE=
13,6,4jK1cWaCiPaqXaVrrcch+4knyjM=,27dFip3nJKKYveQjWOhL78pYkQc=
9,0,4jK1cWaCiPaqXaVrrcch+4knyjM=,0mp9uDF8PC5XUXK8T3Md9UjkmDQ=
15,10,4jK1cWaCiPaqXaVrrcch+4knyjM=,NcmXshwBRhiUN4Xr/shWOhcNLjM=
15,9,4jK1cWaCiPaqXaVrrcch+4knyjM=,KATsDxKCk2NNui5XhbVzZcsT0qg=
15,15,4jK1cWaCiPaqXaVrrcch+4knyjM=,0MFrkR/pXaR2IM5isvjOatJE8dI=
15,8,4jK1cWaCiPaqXaVrrcch+4knyjM=,KATsDxKCk2NNui5XhbVzZcsT0qg=
5,0,rHmpkx0EodRC6BV0HCzvnPJj7Zw=,ZXz8TNabgc6zttOX/dCyUupbI4E=
5,1,rHmpkx0EodRC6BV0HCzvnPJj7Zw=,ZXz8TNabgc6zttOX/dCyUupbI4E=
6,0,4jK1cWaCiPaqXaVrrcch+4knyjM=,addhKTTYL0OnEwGtxE0sm72ZKms=
5,2,rHmpkx0EodRC6BV0HCzvnPJj7Zw=,JrzNwrYU53HyK29xXLmAekLzgPc=
6,2,4jK1cWaCiPaqXaVrrcch+4knyjM=,LW3n9BKiQFTuL+BoF+WaNIE+XcQ=
8,0,4jK1cWaCiPaqXaVrrcch+4knyjM=,0mp9uDF8PC5XUXK8T3Md9UjkmDQ=
6,1,4jK1cWaCiPaqXaVrrcch+4knyjM=,addhKTTYL0OnEwGtxE0sm72ZKms=
7,0,4jK1cWaCiPaqXaVrrcch+4knyjM=,addhKTTYL0OnEwGtxE0sm72ZKms=
9,1,4jK1cWaCiPaqXaVrrcch+4knyjM=,0mp9uDF8PC5XUXK8T3Md9UjkmDQ=
9,2,4jK1cWaCiPaqXaVrrcch+4knyjM=,kgAtKv5eGNJl+RUUJgJb0n/xUmM=
10,4,4jK1cWaCiPaqXaVrrcch+4knyjM=,JMCbyljsshIpsaj9B23sCs43UXE=
8,4,4jK1cWaCiPaqXaVrrcch+4knyjM=,K2mMAzd5Szqi6IqhIg85Z5fbAww=
7,4,4jK1cWaCiPaqXaVrrcch+4knyjM=,ciPw0LjNo4Vc/oxZ/mWvNy00HQI=
8,2,4jK1cWaCiPaqXaVrrcch+4knyjM=,kgAtKv5eGNJl+RUUJgJb0n/xUmM=
7,3,4jK1cWaCiPaqXaVrrcch+4knyjM=,LW3n9BKiQFTuL+BoF+WaNIE+XcQ=
7,1,4jK1cWaCiPaqXaVrrcch+4knyjM=,addhKTTYL0OnEwGtxE0sm72ZKms=
7,2,4jK1cWaCiPaqXaVrrcch+4knyjM=,LW3n9BKiQFTuL+BoF+WaNIE+XcQ=
8,3,4jK1cWaCiPaqXaVrrcch+4knyjM=,kgAtKv5eGNJl+RUUJgJb0n/xUmM=
9,3,4jK1cWaCiPaqXaVrrcch+4knyjM=,kgAtKv5eGNJl+RUUJgJb0n/xUmM=
9,4,4jK1cWaCiPaqXaVrrcch+4knyjM=,K2mMAzd5Szqi6IqhIg85Z5fbAww=
8,1,4jK1cWaCiPaqXaVrrcch+4knyjM=,0mp9uDF8PC5XUXK8T3Md9UjkmDQ=
11,20,4jK1cWaCiPaqXaVrrcch+4knyjM=,UmJ+HIf8SfylYa+nidrJ0JznRb8=
11,17,4jK1cWaCiPaqXaVrrcch+4knyjM=,OYaXm/rjNXu80op4+/r4UvLsWPI=
12,20,4jK1cWaCiPaqXaVrrcch+4knyjM=,c4horNCwrAbV8a7X+dTshDaTJaY=
12,18,4jK1cWaCiPaqXaVrrcch+4knyjM=,H3mLcfFoY56/nqV3xXB4AJ1qSkY=
13,20,4jK1cWaCiPaqXaVrrcch+4knyjM=,c4horNCwrAbV8a7X+dTshDaTJaY=
14,19,4jK1cWaCiPaqXaVrrcch+4knyjM=,3hGMLNDcNlxVrajoGDuYBX4CtyE=
12,17,4jK1cWaCiPaqXaVrrcch+4knyjM=,YGwkrkBMYqgl0gTi9DtHhyb2o2c=
11,19,4jK1cWaCiPaqXaVrrcch+4knyjM=,EuPLyOeKm3rAjbhcS/HM1W5scHM=
11,16,4jK1cWaCiPaqXaVrrcch+4knyjM=,OYaXm/rjNXu80op4+/r4UvLsWPI=
12,19,4jK1cWaCiPaqXaVrrcch+4knyjM=,H3mLcfFoY56/nqV3xXB4AJ1qSkY=
13,19,4jK1cWaCiPaqXaVrrcch+4knyjM=,H3mLcfFoY56/nqV3xXB4AJ1qSkY=
11,18,4jK1cWaCiPaqXaVrrcch+4knyjM=,EuPLyOeKm3rAjbhcS/HM1W5scHM=
12,16,4jK1cWaCiPaqXaVrrcch+4knyjM=,YGwkrkBMYqgl0gTi9DtHhyb2o2c=
9,17,4jK1cWaCiPaqXaVrrcch+4knyjM=,NyrrR2hHE2Dr47YbVgIGJpouw8c=
10,18,4jK1cWaCiPaqXaVrrcch+4knyjM=,EuPLyOeKm3rAjbhcS/HM1W5scHM=
10,17,4jK1cWaCiPaqXaVrrcch+4knyjM=,OYaXm/rjNXu80op4+/r4UvLsWPI=
10,16,4jK1cWaCiPaqXaVrrcch+4knyjM=,OYaXm/rjNXu80op4+/r4UvLsWPI=
9,16,4jK1cWaCiPaqXaVrrcch+4knyjM=,NyrrR2hHE2Dr47YbVgIGJpouw8c=
8,17,4jK1cWaCiPaqXaVrrcch+4knyjM=,NyrrR2hHE2Dr47YbVgIGJpouw8c=
7,17,4jK1cWaCiPaqXaVrrcch+4knyjM=,OeJgwURkcvxmAVKJCsVkIiHIbKw=
8,16,4jK1cWaCiPaqXaVrrcch+4knyjM=,NyrrR2hHE2Dr47YbVgIGJpouw8c=
7,16,4jK1cWaCiPaqXaVrrcch+4knyjM=,OeJgwURkcvxmAVKJCsVkIiHIbKw=
6,17,4jK1cWaCiPaqXaVrrcch+4knyjM=,OeJgwURkcvxmAVKJCsVkIiHIbKw=
5,17,4jK1cWaCiPaqXaVrrcch+4knyjM=,YkfIeuNo38X08s22NzTVRjdzfw4=
5,16,4jK1cWaCiPaqXaVrrcch+4knyjM=,YkfIeuNo38X08s22NzTVRjdzfw4=
6,16,4jK1cWaCiPaqXaVrrcch+4knyjM=,OeJgwURkcvxmAVKJCsVkIiHIbKw=
4,17,4jK1cWaCiPaqXaVrrcch+4knyjM=,YkfIeuNo38X08s22NzTVRjdzfw4=
3,17,4jK1cWaCiPaqXaVrrcch+4knyjM=,2+VIZ1YFv1h0yhyKb/9vm6iuUqE=
3,16,4jK1cWaCiPaqXaVrrcch+4knyjM=,2+VIZ1YFv1h0yhyKb/9vm6iuUqE=
4,16,4jK1cWaCiPaqXaVrrcch+4knyjM=,YkfIeuNo38X08s22NzTVRjdzfw4=
12,21,4jK1cWaCiPaqXaVrrcch+4knyjM=,c4horNCwrAbV8a7X+dTshDaTJaY=
1,17,4jK1cWaCiPaqXaVrrcch+4knyjM=,1YVUkyrTIR8wi4ApTptEkSZPS38=
0,17,4jK1cWaCiPaqXaVrrcch+4knyjM=,1YVUkyrTIR8wi4ApTptEkSZPS38=
2,17,4jK1cWaCiPaqXaVrrcch+4knyjM=,2+VIZ1YFv1h0yhyKb/9vm6iuUqE=
1,16,4jK1cWaCiPaqXaVrrcch+4knyjM=,1YVUkyrTIR8wi4ApTptEkSZPS38=
11,21,4jK1cWaCiPaqXaVrrcch+4knyjM=,UmJ+HIf8SfylYa+nidrJ0JznRb8=
15,19,4jK1cWaCiPaqXaVrrcch+4knyjM=,3hGMLNDcNlxVrajoGDuYBX4CtyE=
0,16,4jK1cWaCiPaqXaVrrcch+4knyjM=,1YVUkyrTIR8wi4ApTptEkSZPS38=
2,16,4jK1cWaCiPaqXaVrrcch+4knyjM=,2+VIZ1YFv1h0yhyKb/9vm6iuUqE=
15,18,4jK1cWaCiPaqXaVrrcch+4knyjM=,3hGMLNDcNlxVrajoGDuYBX4CtyE=
14,18,4jK1cWaCiPaqXaVrrcch+4knyjM=,3hGMLNDcNlxVrajoGDuYBX4CtyE=
15,17,4jK1cWaCiPaqXaVrrcch+4knyjM=,cgto9uAt+pKvRzv7ZQr8YEEi6LM=
13,17,4jK1cWaCiPaqXaVrrcch+4knyjM=,YGwkrkBMYqgl0gTi9DtHhyb2o2c=
10,20,4jK1cWaCiPaqXaVrrcch+4knyjM=,UmJ+HIf8SfylYa+nidrJ0JznRb8=
13,21,4jK1cWaCiPaqXaVrrcch+4knyjM=,c4horNCwrAbV8a7X+dTshDaTJaY=
10,19,4jK1cWaCiPaqXaVrrcch+4knyjM=,EuPLyOeKm3rAjbhcS/HM1W5scHM=
10,21,4jK1cWaCiPaqXaVrrcch+4knyjM=,UmJ+HIf8SfylYa+nidrJ0JznRb8=
13,18,4jK1cWaCiPaqXaVrrcch+4knyjM=,H3mLcfFoY56/nqV3xXB4AJ1qSkY=
14,17,4jK1cWaCiPaqXaVrrcch+4knyjM=,cgto9uAt+pKvRzv7ZQr8YEEi6LM=
14,16,4jK1cWaCiPaqXaVrrcch+4knyjM=,cgto9uAt+pKvRzv7ZQr8YEEi6LM=
15,16,4jK1cWaCiPaqXaVrrcch+4knyjM=,cgto9uAt+pKvRzv7ZQr8YEEi6LM=
13,16,4jK1cWaCiPaqXaVrrcch+4knyjM=,YGwkrkBMYqgl0gTi9DtHhyb2o2c=
23,17,p28yBgD0s/8X0Toxc+hjXJLYjts=,nOBj0sgExk+d5/jogbYlIk5IG/Y=
24,17,p28yBgD0s/8X0Toxc+hjXJLYjts=,649J9HveX0A4+6ExRH2daGK779k=
23,18,p28yBgD0s/8X0Toxc+hjXJLYjts=,zNJOWZ0OwsE7osVxtmQezbgfWEY=
21,17,/c0WjLHDcV9Arc55yD6LagMQb0A=,sf+BvycpciQD4sS8H1gXuHQj7GY=
22,17,/c0WjLHDcV9Arc55yD6LagMQb0A=,nOBj0sgExk+d5/jogbYlIk5IG/Y=
21,18,/c0WjLHDcV9Arc55yD6LagMQb0A=,RyAWwnm9PilgK5LNNpVnmyy2FbQ=
22,18,/c0WjLHDcV9Arc55yD6LagMQb0A=,zNJOWZ0OwsE7osVxtmQezbgfWEY=
19,19,/c0WjLHDcV9Arc55yD6LagMQb0A=,eJL/DkAkHFxoRD58x50CXvPjHMg=
19,20,/c0WjLHDcV9Arc55yD6LagMQb0A=,xSX1e12Hd5LGygqAPVDohmMVMEA=
20,19,/c0WjLHDcV9Arc55yD6LagMQb0A=,RyAWwnm9PilgK5LNNpVnmyy2FbQ=
19,17,/c0WjLHDcV9Arc55yD6LagMQb0A=,3ueQT2SatM4oJKA9xlUrULaXOBY=
19,18,/c0WjLHDcV9Arc55yD6LagMQb0A=,eJL/DkAkHFxoRD58x50CXvPjHMg=
20,17,/c0WjLHDcV9Arc55yD6LagMQb0A=,sf+BvycpciQD4sS8H1gXuHQj7GY=
20,18,/c0WjLHDcV9Arc55yD6LagMQb0A=,RyAWwnm9PilgK5LNNpVnmyy2FbQ=
19,21,/c0WjLHDcV9Arc55yD6LagMQb0A=,xSX1e12Hd5LGygqAPVDohmMVMEA=
26,17,/c0WjLHDcV9Arc55yD6LagMQb0A=,NDItNfVElqsuha0MYKrh23hg8S0=
25,17,/c0WjLHDcV9Arc55yD6LagMQb0A=,649J9HveX0A4+6ExRH2daGK779k=
23,16,/c0WjLHDcV9Arc55yD6LagMQb0A=,nOBj0sgExk+d5/jogbYlIk5IG/Y=
26,16,/c0WjLHDcV9Arc55yD6LagMQb0A=,NDItNfVElqsuha0MYKrh23hg8S0=
25,16,/c0WjLHDcV9Arc55yD6LagMQb0A=,649J9HveX0A4+6ExRH2daGK779k=
24,16,/c0WjLHDcV9Arc55yD6LagMQb0A=,649J9HveX0A4+6ExRH2daGK779k=
16,18,/c0WjLHDcV9Arc55yD6LagMQb0A=,ZVtbqxuN5+0/qy8kVzVsPyi3EZw=
17,18,/c0WjLHDcV9Arc55yD6LagMQb0A=,ZVtbqxuN5+0/qy8kVzVsPyi3EZw=
17,17,/c0WjLHDcV9Arc55yD6LagMQb0A=,bxs3w5OGUgVLM+temw2ek9pQzwI=
18,17,/c0WjLHDcV9Arc55yD6LagMQb0A=,3ueQT2SatM4oJKA9xlUrULaXOBY=
18,18,/c0WjLHDcV9Arc55yD6LagMQb0A=,eJL/DkAkHFxoRD58x50CXvPjHMg=
16,17,/c0WjLHDcV9Arc55yD6LagMQb0A=,bxs3w5OGUgVLM+temw2ek9pQzwI=
18,16,/c0WjLHDcV9Arc55yD6LagMQb0A=,3ueQT2SatM4oJKA9xlUrULaXOBY=
17,16,/c0WjLHDcV9Arc55yD6LagMQb0A=,bxs3w5OGUgVLM+temw2ek9pQzwI=
16,16,/c0WjLHDcV9Arc55yD6LagMQb0A=,bxs3w5OGUgVLM+temw2ek9pQzwI=
16,21,/c0WjLHDcV9Arc55yD6LagMQb0A=,quTfPIDZ007/MNMAsUvwXcYwP/U=
17,21,/c0WjLHDcV9Arc55yD6LagMQb0A=,quTfPIDZ007/MNMAsUvwXcYwP/U=
18,21,/c0WjLHDcV9Arc55yD6LagMQb0A=,xSX1e12Hd5LGygqAPVDohmMVMEA=
23,26,/c0WjLHDcV9Arc55yD6LagMQb0A=,015TFOyi0186Ty5y9mLfEVTvPtI=
16,20,/c0WjLHDcV9Arc55yD6LagMQb0A=,quTfPIDZ007/MNMAsUvwXcYwP/U=
18,20,/c0WjLHDcV9Arc55yD6LagMQb0A=,xSX1e12Hd5LGygqAPVDohmMVMEA=
18,19,/c0WjLHDcV9Arc55yD6LagMQb0A=,eJL/DkAkHFxoRD58x50CXvPjHMg=
17,20,/c0WjLHDcV9Arc55yD6LagMQb0A=,quTfPIDZ007/MNMAsUvwXcYwP/U=
16,19,/c0WjLHDcV9Arc55yD6LagMQb0A=,ZVtbqxuN5+0/qy8kVzVsPyi3EZw=
17,19,/c0WjLHDcV9Arc55yD6LagMQb0A=,ZVtbqxuN5+0/qy8kVzVsPyi3EZw=
23,31,/c0WjLHDcV9Arc55yD6LagMQb0A=,beY6r57uUNkrbOS1oVotVzp890s=
22,29,/c0WjLHDcV9Arc55yD6LagMQb0A=,HN17GeCkb0j9ihTMi4hiuX91MBQ=
23,27,/c0WjLHDcV9Arc55yD6LagMQb0A=,015TFOyi0186Ty5y9mLfEVTvPtI=
22,30,/c0WjLHDcV9Arc55yD6LagMQb0A=,beY6r57uUNkrbOS1oVotVzp890s=
22,27,/c0WjLHDcV9Arc55yD6LagMQb0A=,015TFOyi0186Ty5y9mLfEVTvPtI=
22,28,/c0WjLHDcV9Arc55yD6LagMQb0A=,HN17GeCkb0j9ihTMi4hiuX91MBQ=
23,30,/c0WjLHDcV9Arc55yD6LagMQb0A=,beY6r57uUNkrbOS1oVotVzp890s=
22,20,/c0WjLHDcV9Arc55yD6LagMQb0A=,hlPbrXkXcO71iQgpIS1CNFd2u2M=
23,28,/c0WjLHDcV9Arc55yD6LagMQb0A=,HN17GeCkb0j9ihTMi4hiuX91MBQ=
22,19,/c0WjLHDcV9Arc55yD6LagMQb0A=,zNJOWZ0OwsE7osVxtmQezbgfWEY=
23,29,/c0WjLHDcV9Arc55yD6LagMQb0A=,HN17GeCkb0j9ihTMi4hiuX91MBQ=
23,19,/c0WjLHDcV9Arc55yD6LagMQb0A=,zNJOWZ0OwsE7osVxtmQezbgfWEY=
23,20,/c0WjLHDcV9Arc55yD6LagMQb0A=,hlPbrXkXcO71iQgpIS1CNFd2u2M=
21,19,/c0WjLHDcV9Arc55yD6LagMQb0A=,RyAWwnm9PilgK5LNNpVnmyy2FbQ=
21,16,/c0WjLHDcV9Arc55yD6LagMQb0A=,sf+BvycpciQD4sS8H1gXuHQj7GY=
22,16,/c0WjLHDcV9Arc55yD6LagMQb0A=,nOBj0sgExk+d5/jogbYlIk5IG/Y=
20,16,/c0WjLHDcV9Arc55yD6LagMQb0A=,sf+BvycpciQD4sS8H1gXuHQj7GY=
19,16,/c0WjLHDcV9Arc55yD6LagMQb0A=,3ueQT2SatM4oJKA9xlUrULaXOBY=
22,31,/c0WjLHDcV9Arc55yD6LagMQb0A=,beY6r57uUNkrbOS1oVotVzp890s=
27,17,/c0WjLHDcV9Arc55yD6LagMQb0A=,NDItNfVElqsuha0MYKrh23hg8S0=
22,26,/c0WjLHDcV9Arc55yD6LagMQb0A=,015TFOyi0186Ty5y9mLfEVTvPtI=
22,23,/c0WjLHDcV9Arc55yD6LagMQb0A=,Jw8+4+FgQak1V5/O2RTIBBjn8hM=
27,16,/c0WjLHDcV9Arc55yD6LagMQb0A=,NDItNfVElqsuha0MYKrh23hg8S0=
23,22,/c0WjLHDcV9Arc55yD6LagMQb0A=,Jw8+4+FgQak1V5/O2RTIBBjn8hM=
23,23,/c0WjLHDcV9Arc55yD6LagMQb0A=,Jw8+4+FgQak1V5/O2RTIBBjn8hM=
23,21,/c0WjLHDcV9Arc55yD6LagMQb0A=,hlPbrXkXcO71iQgpIS1CNFd2u2M=
22,21,/c0WjLHDcV9Arc55yD6LagMQb0A=,hlPbrXkXcO71iQgpIS1CNFd2u2M=
22,22,/c0WjLHDcV9Arc55yD6LagMQb0A=,Jw8+4+FgQak1V5/O2RTIBBjn8hM=
17,11,/c0WjLHDcV9Arc55yD6LagMQb0A=,NG6uL1PsmYf7RJAcdLavnMQHVgY=
17,12,/c0WjLHDcV9Arc55yD6LagMQb0A=,8uxWEV98kbwZEPfZP4ssTJE8o2k=
18,11,/c0WjLHDcV9Arc55yD6LagMQb0A=,+5OKNWYuJT/FfxyATYQDz8KWYlw=
18,12,/c0WjLHDcV9Arc55yD6LagMQb0A=,2p4zits0LvlnpDyx/Le9m6YWep0=
19,14,/c0WjLHDcV9Arc55yD6LagMQb0A=,7Q44epSHC5wYyxlr45Q/38ZR8/8=
21,13,/c0WjLHDcV9Arc55yD6LagMQb0A=,V4rA/I/VYdna9hoT0tgb976JXWs=
22,13,/c0WjLHDcV9Arc55yD6LagMQb0A=,dvOAUXC0bUM31IHkcL5qIM5X3qs=
21,14,/c0WjLHDcV9Arc55yD6LagMQb0A=,haiDhvOxXilshldKTI6EUl4DANQ=
20,14,/c0WjLHDcV9Arc55yD6LagMQb0A=,haiDhvOxXilshldKTI6EUl4DANQ=
22,14,/c0WjLHDcV9Arc55yD6LagMQb0A=,wycXyE+MZmv22ZHc+4ORpm5+UrA=
20,13,/c0WjLHDcV9Arc55yD6LagMQb0A=,V4rA/I/VYdna9hoT0tgb976JXWs=
19,13,/c0WjLHDcV9Arc55yD6LagMQb0A=,2p4zits0LvlnpDyx/Le9m6YWep0=
24,12,/c0WjLHDcV9Arc55yD6LagMQb0A=,uGsL+DZwdA/Rr7K/WBHJJrIb+54=
23,11,/c0WjLHDcV9Arc55yD6LagMQb0A=,dG0S/xodFcVJO5U8EPpthiLwyIw=
23,12,/c0WjLHDcV9Arc55yD6LagMQb0A=,dvOAUXC0bUM31IHkcL5qIM5X3qs=
18,14,/c0WjLHDcV9Arc55yD6LagMQb0A=,7Q44epSHC5wYyxlr45Q/38ZR8/8=
17,13,/c0WjLHDcV9Arc55yD6LagMQb0A=,8uxWEV98kbwZEPfZP4ssTJE8o2k=
23,13,/c0WjLHDcV9Arc55yD6LagMQb0A=,dvOAUXC0bUM31IHkcL5qIM5X3qs=
18,13,/c0WjLHDcV9Arc55yD6LagMQb0A=,2p4zits0LvlnpDyx/Le9m6YWep0=
28,15,/c0WjLHDcV9Arc55yD6LagMQb0A=,+X3d1W27afJ9cbKoW6PsBEdpxw0=
27,15,/c0WjLHDcV9Arc55yD6LagMQb0A=,d7ZS41mv8RGPGOVl6ZQ0klRijJU=
17,14,/c0WjLHDcV9Arc55yD6LagMQb0A=,Cq161+YIaiAcNThbXWKadfrsC4s=
23,14,/c0WjLHDcV9Arc55yD6LagMQb0A=,wycXyE+MZmv22ZHc+4ORpm5+UrA=
24,13,/c0WjLHDcV9Arc55yD6LagMQb0A=,uGsL+DZwdA/Rr7K/WBHJJrIb+54=
25,13,/c0WjLHDcV9Arc55yD6LagMQb0A=,uGsL+DZwdA/Rr7K/WBHJJrIb+54=
28,14,/c0WjLHDcV9Arc55yD6LagMQb0A=,+X3d1W27afJ9cbKoW6PsBEdpxw0=
24,14,/c0WjLHDcV9Arc55yD6LagMQb0A=,iCGUAbFAgPIg7Q2ymq7MpUXThs8=
25,14,/c0WjLHDcV9Arc55yD6LagMQb0A=,iCGUAbFAgPIg7Q2ymq7MpUXThs8=
25,15,/c0WjLHDcV9Arc55yD6LagMQb0A=,iCGUAbFAgPIg7Q2ymq7MpUXThs8=
27,14,/c0WjLHDcV9Arc55yD6LagMQb0A=,d7ZS41mv8RGPGOVl6ZQ0klRijJU=
26,15,/c0WjLHDcV9Arc55yD6LagMQb0A=,d7ZS41mv8RGPGOVl6ZQ0klRijJU=
26,14,/c0WjLHDcV9Arc55yD6LagMQb0A=,d7ZS41mv8RGPGOVl6ZQ0klRijJU=
23,15,/c0WjLHDcV9Arc55yD6LagMQb0A=,wycXyE+MZmv22ZHc+4ORpm5+UrA=
22,15,/c0WjLHDcV9Arc55yD6LagMQb0A=,wycXyE+MZmv22ZHc+4ORpm5+UrA=
24,15,/c0WjLHDcV9Arc55yD6LagMQb0A=,iCGUAbFAgPIg7Q2ymq7MpUXThs8=
18,15,/c0WjLHDcV9Arc55yD6LagMQb0A=,7Q44epSHC5wYyxlr45Q/38ZR8/8=
19,15,/c0WjLHDcV9Arc55yD6LagMQb0A=,7Q44epSHC5wYyxlr45Q/38ZR8/8=
20,15,/c0WjLHDcV9Arc55yD6LagMQb0A=,haiDhvOxXilshldKTI6EUl4DANQ=
21,15,/c0WjLHDcV9Arc55yD6LagMQb0A=,haiDhvOxXilshldKTI6EUl4DANQ=
17,15,/c0WjLHDcV9Arc55yD6LagMQb0A=,Cq161+YIaiAcNThbXWKadfrsC4s=
16,13,/c0WjLHDcV9Arc55yD6LagMQb0A=,8uxWEV98kbwZEPfZP4ssTJE8o2k=
16,14,/c0WjLHDcV9Arc55yD6LagMQb0A=,Cq161+YIaiAcNThbXWKadfrsC4s=
16,11,/c0WjLHDcV9Arc55yD6LagMQb0A=,NG6uL1PsmYf7RJAcdLavnMQHVgY=
16,12,/c0WjLHDcV9Arc55yD6LagMQb0A=,8uxWEV98kbwZEPfZP4ssTJE8o2k=
22,12,/c0WjLHDcV9Arc55yD6LagMQb0A=,dvOAUXC0bUM31IHkcL5qIM5X3qs=
23,10,/c0WjLHDcV9Arc55yD6LagMQb0A=,dG0S/xodFcVJO5U8EPpthiLwyIw=
24,9,/c0WjLHDcV9Arc55yD6LagMQb0A=,Vi+UrL71GDm64+YthfXBj/pVSbk=
21,12,/c0WjLHDcV9Arc55yD6LagMQb0A=,V4rA/I/VYdna9hoT0tgb976JXWs=
22,11,/c0WjLHDcV9Arc55yD6LagMQb0A=,dG0S/xodFcVJO5U8EPpthiLwyIw=
23,9,/c0WjLHDcV9Arc55yD6LagMQb0A=,j9VJqP68rXIi+lxB/Og3SKaoVeI=
19,11,/c0WjLHDcV9Arc55yD6LagMQb0A=,+5OKNWYuJT/FfxyATYQDz8KWYlw=
20,12,/c0WjLHDcV9Arc55yD6LagMQb0A=,V4rA/I/VYdna9hoT0tgb976JXWs=
22,10,/c0WjLHDcV9Arc55yD6LagMQb0A=,dG0S/xodFcVJO5U8EPpthiLwyIw=
21,11,/c0WjLHDcV9Arc55yD6LagMQb0A=,DSisziCI6dIO9MKHvvC/xKr+c+E=
22,9,/c0WjLHDcV9Arc55yD6LagMQb0A=,j9VJqP68rXIi+lxB/Og3SKaoVeI=
21,10,/c0WjLHDcV9Arc55yD6LagMQb0A=,DSisziCI6dIO9MKHvvC/xKr+c+E=
20,11,/c0WjLHDcV9Arc55yD6LagMQb0A=,DSisziCI6dIO9MKHvvC/xKr+c+E=
19,12,/c0WjLHDcV9Arc55yD6LagMQb0A=,2p4zits0LvlnpDyx/Le9m6YWep0=
26,6,/c0WjLHDcV9Arc55yD6LagMQb0A=,qzIb9+zhKd7Mw7yYOOCqjCHG0Ns=
25,6,/c0WjLHDcV9Arc55yD6LagMQb0A=,NBRjzzdMLzNdRh3BK9+eW9kuRZY=
26,5,/c0WjLHDcV9Arc55yD6LagMQb0A=,pD8OlXUrUidw6/dRA/KV8Q9QPG0=
28,1,/c0WjLHDcV9Arc55yD6LagMQb0A=,ZmZxTb0hHFyb71vJG5YzUUwGWG8=
30,3,/c0WjLHDcV9Arc55yD6LagMQb0A=,WfWpKvP8TJVAKQBiCWm6C3FVIKc=
29,4,/c0WjLHDcV9Arc55yD6LagMQb0A=,XfQaX33+JD3JsgkQSuWuZZzVX4k=
19,10,/c0WjLHDcV9Arc55yD6LagMQb0A=,+5OKNWYuJT/FfxyATYQDz8KWYlw=
28,2,/c0WjLHDcV9Arc55yD6LagMQb0A=,j/rGpvMjPJoOZT7tp9BrWheAVes=
29,3,/c0WjLHDcV9Arc55yD6LagMQb0A=,j/rGpvMjPJoOZT7tp9BrWheAVes=
28,4,/c0WjLHDcV9Arc55yD6LagMQb0A=,XfQaX33+JD3JsgkQSuWuZZzVX4k=
20,10,/c0WjLHDcV9Arc55yD6LagMQb0A=,DSisziCI6dIO9MKHvvC/xKr+c+E=
19,9,/c0WjLHDcV9Arc55yD6LagMQb0A=,QuxPIp5iSROulhHz4ZFEwiYxM4k=
18,10,/c0WjLHDcV9Arc55yD6LagMQb0A=,+5OKNWYuJT/FfxyATYQDz8KWYlw=
28,3,/c0WjLHDcV9Arc55yD6LagMQb0A=,j/rGpvMjPJoOZT7tp9BrWheAVes=
27,4,/c0WjLHDcV9Arc55yD6LagMQb0A=,pD8OlXUrUidw6/dRA/KV8Q9QPG0=
17,8,/c0WjLHDcV9Arc55yD6LagMQb0A=,2dBiFdinaYx8FFe0ZIDkjJFoFCM=
17,9,/c0WjLHDcV9Arc55yD6LagMQb0A=,2dBiFdinaYx8FFe0ZIDkjJFoFCM=
18,8,/c0WjLHDcV9Arc55yD6LagMQb0A=,QuxPIp5iSROulhHz4ZFEwiYxM4k=
17,10,/c0WjLHDcV9Arc55yD6LagMQb0A=,NG6uL1PsmYf7RJAcdLavnMQHVgY=
18,9,/c0WjLHDcV9Arc55yD6LagMQb0A=,QuxPIp5iSROulhHz4ZFEwiYxM4k=
22,8,/c0WjLHDcV9Arc55yD6LagMQb0A=,j9VJqP68rXIi+lxB/Og3SKaoVeI=
24,6,/c0WjLHDcV9Arc55yD6LagMQb0A=,NBRjzzdMLzNdRh3BK9+eW9kuRZY=
19,8,/c0WjLHDcV9Arc55yD6LagMQb0A=,QuxPIp5iSROulhHz4ZFEwiYxM4k=
23,8,/c0WjLHDcV9Arc55yD6LagMQb0A=,j9VJqP68rXIi+lxB/Og3SKaoVeI=
24,8,/c0WjLHDcV9Arc55yD6LagMQb0A=,Vi+UrL71GDm64+YthfXBj/pVSbk=
31,1,/c0WjLHDcV9Arc55yD6LagMQb0A=,TugEA2TTuxw6Na4Wj4tn+8tsF4E=
24,7,/c0WjLHDcV9Arc55yD6LagMQb0A=,NBRjzzdMLzNdRh3BK9+eW9kuRZY=
31,2,/c0WjLHDcV9Arc55yD6LagMQb0A=,WfWpKvP8TJVAKQBiCWm6C3FVIKc=
29,0,/c0WjLHDcV9Arc55yD6LagMQb0A=,ZmZxTb0hHFyb71vJG5YzUUwGWG8=
28,5,/c0WjLHDcV9Arc55yD6LagMQb0A=,XfQaX33+JD3JsgkQSuWuZZzVX4k=
25,8,/c0WjLHDcV9Arc55yD6LagMQb0A=,Vi+UrL71GDm64+YthfXBj/pVSbk=
27,6,/c0WjLHDcV9Arc55yD6LagMQb0A=,qzIb9+zhKd7Mw7yYOOCqjCHG0Ns=
26,7,/c0WjLHDcV9Arc55yD6LagMQb0A=,qzIb9+zhKd7Mw7yYOOCqjCHG0Ns=
29,1,/c0WjLHDcV9Arc55yD6LagMQb0A=,ZmZxTb0hHFyb71vJG5YzUUwGWG8=
30,0,/c0WjLHDcV9Arc55yD6LagMQb0A=,TugEA2TTuxw6Na4Wj4tn+8tsF4E=
30,2,/c0WjLHDcV9Arc55yD6LagMQb0A=,WfWpKvP8TJVAKQBiCWm6C3FVIKc=
27,5,/c0WjLHDcV9Arc55yD6LagMQb0A=,pD8OlXUrUidw6/dRA/KV8Q9QPG0=
29,2,/c0WjLHDcV9Arc55yD6LagMQb0A=,j/rGpvMjPJoOZT7tp9BrWheAVes=
31,0,/c0WjLHDcV9Arc55yD6LagMQb0A=,TugEA2TTuxw6Na4Wj4tn+8tsF4E=
25,7,/c0WjLHDcV9Arc55yD6LagMQb0A=,NBRjzzdMLzNdRh3BK9+eW9kuRZY=
30,1,/c0WjLHDcV9Arc55yD6LagMQb0A=,TugEA2TTuxw6Na4Wj4tn+8tsF4E=
27,7,/c0WjLHDcV9Arc55yD6LagMQb0A=,qzIb9+zhKd7Mw7yYOOCqjCHG0Ns=
26,4,/c0WjLHDcV9Arc55yD6LagMQb0A=,pD8OlXUrUidw6/dRA/KV8Q9QPG0=
16,10,/c0WjLHDcV9Arc55yD6LagMQb0A=,NG6uL1PsmYf7RJAcdLavnMQHVgY=
25,12,/c0WjLHDcV9Arc55yD6LagMQb0A=,uGsL+DZwdA/Rr7K/WBHJJrIb+54=
25,9,/c0WjLHDcV9Arc55yD6LagMQb0A=,Vi+UrL71GDm64+YthfXBj/pVSbk=
31,3,/c0WjLHDcV9Arc55yD6LagMQb0A=,WfWpKvP8TJVAKQBiCWm6C3FVIKc=
16,9,/c0WjLHDcV9Arc55yD6LagMQb0A=,2dBiFdinaYx8FFe0ZIDkjJFoFCM=
16,8,/c0WjLHDcV9Arc55yD6LagMQb0A=,2dBiFdinaYx8FFe0ZIDkjJFoFCM=
28,0,/c0WjLHDcV9Arc55yD6LagMQb0A=,ZmZxTb0hHFyb71vJG5YzUUwGWG8=
29,5,/c0WjLHDcV9Arc55yD6LagMQb0A=,XfQaX33+JD3JsgkQSuWuZZzVX4k=
16,15,/c0WjLHDcV9Arc55yD6LagMQb0A=,Cq161+YIaiAcNThbXWKadfrsC4s=
29,15,/c0WjLHDcV9Arc55yD6LagMQb0A=,+X3d1W27afJ9cbKoW6PsBEdpxw0=
31,15,/c0WjLHDcV9Arc55yD6LagMQb0A=,KLqnFpKBVLu5ViKy2Kdj5UHkx+8=
30,15,/c0WjLHDcV9Arc55yD6LagMQb0A=,KLqnFpKBVLu5ViKy2Kdj5UHkx+8=
30,14,/c0WjLHDcV9Arc55yD6LagMQb0A=,KLqnFpKBVLu5ViKy2Kdj5UHkx+8=
31,14,/c0WjLHDcV9Arc55yD6LagMQb0A=,KLqnFpKBVLu5ViKy2Kdj5UHkx+8=
29,14,/c0WjLHDcV9Arc55yD6LagMQb0A=,+X3d1W27afJ9cbKoW6PsBEdpxw0=
